{"target": -100.81414301344493, "params": {"adaptive-alpha": 0.05488135039273248, "softmax-temp": 3.5759753129254603}, "datetime": {"datetime": "2022-04-22 23:54:18", "elapsed": 0.0, "delta": 0.0}}
